Run,Throughput_Gbps
1,0.12637158248030309
2,0.11918243604639857
3,0.11355126244164207
4,0.10544384815347642
