Run,P50_ms,P99_ms,Max_ms
1,9.274155001707067,19.527272727272702,239.252568
2,9.479353062629043,24.927007299270066,225.173221
3,9.561920129084308,125.86466165413543,323.38640000000004
4,8.944755244755246,28.033185840707954,230.89045199999998
5,8.901386263390044,32.70114942528736,225.932529
