Run,Throughput_Gbps
1,0.05824990684128794
2,0.05812012683185936
3,0.05729447981101656
4,0.05573975055098027
5,0.058803619635001934
