Run,Throughput_Gbps
1,0.12116959821420101
2,0.11967827949528166
3,0.11967540006424124
4,0.12130851988812646
5,0.10694421889038953
