Run,P50_ms,P99_ms,Max_ms
1,7.951804188745899,19.45833333333334,219.111108
2,7.9676409185803765,60.400000000000055,222.48989
3,7.918335089567966,103.99999999999983,2347.937086
4,8.787072243346008,27.767857142857142,203.697049
5,9.07234726688103,240.0000000000001,415.660511
