Run,Throughput_Gbps
1,0.1147651292607121
2,0.11711213101222176
3,0.12478645207859569
4,0.13833915654616863
5,0.0980134491078426
