Run,P50_ms,P99_ms,Max_ms
1,8.216012558869702,180,306.550254
3,9.308457711442788,200.98684210526295,346.271228
4,10.02637460885114,44.72222222222218,284.30672699999997
5,9.876555667675749,19.23529411764705,227.02117099999998
