Run,Throughput_Gbps
1,0.09592076927420456
2,0.10808946799008087
3,0.0961852014656701
4,0.11525122895216124
5,0.09522189979077435
