Run,P50_ms,P99_ms,Max_ms
1,11.286050420168067,23.895027624309396,247.64888299999998
2,11.435303514376997,29.531249999999982,252.14075000000003
3,11.489602334914265,34.3877551020408,260.456181
4,11.705320033250208,39.628571428571405,270.997681
5,11.77891304347826,173.4911111111111,180.946673
