Run,P50_ms,P99_ms,Max_ms
1,6.518733509234829,24.655172413793057,34.308222
2,6.585626911314985,24.042145593869748,34.253392
3,6.500000000000001,32.912621359223344,48.723013
4,6.630948121645796,23.615384615384578,34.345944
5,6.554884742041712,33.54166666666668,41.983202999999996
