Run,Throughput_Gbps
1,0.034362455903516935
2,0.036324643075668815
3,0.11910188565924831
4,0.12539396956309218
5,0.12681846834796534
